7290053,alternativas solares,221113,generacion de electricidad a partir de energia solar,6 a 10 personas,Coahuila,saltillo
6810027,parque solar coahuiala,221113,generacion de electricidad a partir de energia solar,0 a 5 personas,Coahuila,noacan
6766588,anda mexico,221113,generacion de electricidad a partir de energia solar,0 a 5 personas,Ciudad de Mexico,miguel hidalgo
6881185,energia chihuahua,221113,generacion de electricidad a partir de energia solar,6 a 10 personas,Ciudad de Mexico,miguel hidalgo
6715347,servicios comerciales de energia s. a. de c. v.,221113,generacion de electricidad a partir de energia solar,0 a 5 personas,Ciudad de Mexico,miguel hidalgo
8901393,tai durango cinco,221113,generacion de electricidad a partir de energia solar,6 a 10 personas,Ciudad de Mexico,miguel hidalgo
8659032,electro tableros de control,221113,generacion de electricidad a partir de energia solar,6 a 10 personas,Durango,gomez palacio
6881109,tai durango uno s. a. p. i. de c. v.,221113,generacion de electricidad a partir de energia solar,6 a 10 personas,Durango,victoria de durango
6882603,generadora solar apaseo s. a. p. i. de c. v.,221113,generacion de electricidad a partir de energia solar,6 a 10 personas,Guanajuato,numero cuatro
7826111,advanced iep iighting de mexico,221113,generacion de electricidad a partir de energia solar,6 a 10 personas,Jalisco,guadalajara
8400632,energyclean,221113,generacion de electricidad a partir de energia solar,11 a 30 personas,Jalisco,guadalajara
8864751,generacion de electricidad a partir de energia solar,221113,generacion de electricidad a partir de energia solar,0 a 5 personas,Jalisco,zapopan
2964518,aluz vive sustentable,221113,generacion de electricidad a partir de energia solar,0 a 5 personas,Nuevo Leon,monterrey
8812604,atria wind farm ii,221113,generacion de electricidad a partir de energia solar,0 a 5 personas,Nuevo Leon,san pedro garza garcia
8695799,atria wino farm 1,221113,generacion de electricidad a partir de energia solar,0 a 5 personas,Nuevo Leon,san pedro garza garcia
3166917,edf,221113,generacion de electricidad a partir de energia solar,11 a 30 personas,Oaxaca,heroica ciudad de juchitan de zaragoza
8393011,panel solar sin nombre,221113,generacion de electricidad a partir de energia solar,0 a 5 personas,Oaxaca,santa lucia del camino
8274792,arteche paneles solares,221113,generacion de electricidad a partir de energia solar,101 a 250 personas,Sonora,puerto libertad
8315767,disolar mex energia renovables,221113,generacion de electricidad a partir de energia solar,0 a 5 personas,Tabasco,villahermosa
8315716,ecohelios,221113,generacion de electricidad a partir de energia solar,6 a 10 personas,Tabasco,villahermosa
7710093,energy center energia sustentable,221113,generacion de electricidad a partir de energia solar,6 a 10 personas,Tabasco,villahermosa
8129508,itzaes tecnologias energeticas,221113,generacion de electricidad a partir de energia solar,6 a 10 personas,Veracruz,xalapa-enriquez
7687900,grupo protesu,221113,generacion de electricidad a partir de energia solar,0 a 5 personas,Yucatan,merida
7711042,instalacion y venta de paneles solares enso energia solar,467117,comercio al por menor de articulos para albercas y otros articulos,0 a 5 personas,Coahuila,torreon
7696011,paneles solares rayos solar,467117,comercio al por menor de articulos para albercas y otros articulos,0 a 5 personas,Coahuila,frontera
7056033,arboledas energia solar paneles calentadores y accesorios,467117,comercio al por menor de articulos para albercas y otros articulos,0 a 5 personas,Colima,ciudad de villa de alvarez
8847201,paneles solares ecovo solar,467117,comercio al por menor de articulos para albercas y otros articulos,6 a 10 personas,Guanajuato,leon de los aldama
7978767,tienda de paneles y calentadores solares energia solar ecokin,467117,comercio al por menor de articulos para albercas y otros articulos,0 a 5 personas,Guanajuato,leon de los aldama
7755018,venta de paneles solares solar energy,238190,otros trabajos en exteriores,0 a 5 personas,Hidalgo,huejutla de reyes
7582691,proyecto terra renta paneles solares,238190,otros trabajos en exteriores,0 a 5 personas,Jalisco,zapopan
8364967,venta e instalacion de paneles solares solartronica,467117,comercio al por menor de articulos para albercas y otros articulos,0 a 5 personas,Jalisco,guadalajara
7082014,paneles solares java solar,434225,comercio al por mayor de equipo y material electrico,0 a 5 personas,Estado de Mexico,san francisco coacalco
8946701,rb solar paneles solares,238190,otros trabajos en exteriores,0 a 5 personas,Michoacan,ciudad lazaro cardenas
7482866,venta de panel solar green,467111,comercio al por menor en ferreterias y tlapalerias,0 a 5 personas,Michoacan,Uruapan
8980639,tienda de paneles solares solar 7,238190,otros trabajos en exteriores,0 a 5 personas,Morelos,cuernavaca
8718503,paneles solares solar house,238190,otros trabajos en exteriores,0 a 5 personas,Nayarit,mezcales
9002392,venta de paneles solares estacion solar,467117,comercio al por menor de articulos para albercas y otros articulos,0 a 5 personas,Nayarit,Tepic
9049400,solar factory paneles solar,467117,comercio al por menor de articulos para albercas y otros articulos,0 a 5 personas,Nuevo Leon,monterrey
8393011,panel solar sin nombre,221113,generacion de electricidad a partir de energia solar,0 a 5 personas,Oaxaca,santa lucia del camino
7530000,venta de paneles solares energia solar,467117,comercio al por menor de articulos para albercas y otros articulos,0 a 5 personas,Oaxaca,heroica ciudad de Tlaxiaco
3329862,saecsa energia solar,335312,fabricacion de equipo y aparatos de distribucion de energia electrica,11 a 30 personas,Puebla,san francisco ocotlan
7518818,servicio yventa de paneles solares tecam solar,467111,comercio al por menor en ferreterias y tlapalerias,0 a 5 personas,Puebla,huauchinango
9191179,instalacion de paneles solares,238190,otros trabajos en exteriores,6 a 10 personas,Queretaro,santiago de queretaro
8764165,energy solar venta de paneles solares,435419,comercio al por mayor de otra maquinaria y equipo de uso general,0 a 5 personas,San Luis Potosi,san luis potosi
7874592,venta e instalacion de paneles solares castillo solar,467117,comercio al por menor de articulos para albercas y otros articulos,0 a 5 personas,San Luis Potosi,san luis potosi
8274792,arteche paneles solares,221113,generacion de electricidad a partir de energia solar,101 a 250 personas,Sonora,puerto libertad
8557931,flotsser paneles de energia solar,238190,otros trabajos en exteriores,0 a 5 personas,Sonora,ciudad obregon
8001430,instalacion de paneles solares y lamparas solumia,467117,comercio al por menor de articulos para albercas y otros articulos,0 a 5 personas,Tlaxcala,papalotla
8331599,enlight,434225,comercio al por mayor de equipo y material electrico,0 a 5 personas,Ciudad de Mexico,miguel hidalgo
